Workbook

Sheet Index
B2: Vakken | H2: Template | Q2: Info
Q3: Totaal aantal weken | R3: 40
B4: Alexianenplein 1 | D4: Alexianenplein 2 | F4: Online | Q4: Startdatum | R4: 45922
H5: Week | I5: 0 | J5: =I5/Index!R3 -> 0
B6: Studio Digitaal | D6: Cross Media | F6: Portfolio | I6: Maandag | J6: Dinsdag | K6: Woensdag | L6: Donderdag | M6: Vrijdag | N6: Zaterdag | O6: Zondag
B7: 204 | D7: ? | F7: 115 | I7: =Index!R4+(7*(I5-1)) -> 45915 | J7: =I7+1 -> 45916 | K7: =J7+1 -> 45917 | L7: =K7+1 -> 45918 | M7: =L7+1 -> 45919 | N7: =M7+1 -> 45920 | O7: =N7+1 -> 45921
H8: 0.33333333
B10: Creatief & Ondernemend | D10: Storytelling | F10: Communicatie | H10: 0.375 | I10: Studio Digitaal | J10: Crossmedia | M10: Studio Digitaal
B11: Online | D11: 115 | F11: 309 | I11: 204 | J11: ? | M11: 204
H12: 0.41666667
B14: Kunst en maatschappij | D14: ? | F14: Vakantie | H14: 0.45833333 | K14: Storytelling
B15: A3 | D15: ? | K15: 115
H16: 0.5
B18: Stage | D18: Speciaal | H18: 0.54166667
B19: ? | D19: ?
H20: 0.58333333 | I20: Studio Digitaal | J20: Keuzevak | K20: Communicatie
I21: 204 | J21: ? | K21: 309
H22: 0.625
H24: 0.66666667 | K24: Kunst en maatschappij
K25: A3
H26: 0.70833333
H28: 0.75
H31: To-do | I31: =I7 -> 45915 | J31: =J7 -> 45916 | K31: =K7 -> 45917 | L31: =L7 -> 45918 | M31: =M7 -> 45919 | N31: =N7 -> 45920 | O31: =O7 -> 45921

Sheet Week 1
B3: Week | C3: 1 | D3: =C3/Index!R3 -> 0.025
C4: Maandag | D4: Dinsdag | E4: Woensdag | F4: Donderdag | G4: Vrijdag | H4: Zaterdag | I4: Zondag
C5: =Index!R4+(7*(C3-1)) -> 45922 | D5: =C5+1 -> 45923 | E5: =D5+1 -> 45924 | F5: =E5+1 -> 45925 | G5: =F5+1 -> 45926 | H5: =G5+1 -> 45927 | I5: =H5+1 -> 45928
B6: 0.33333333
B8: 0.375 | C8: Studio Digitaal | D8: 3D | G8: Studio Digitaal
C9: 204 | D9: D110 | G9: 204
B10: 0.41666667 | C10: Opdracht #1 - DAP
C11: Briefing opdracht #1 - GOALS!
B12: 0.45833333 | C12: Wio - Thomas | E12: Storytelling
E13: 115
B14: 0.5
B16: 0.54166667
B18: 0.58333333 | C18: Studio Digitaal | D18: Portfolio | G18: Studio Digitaal
C19: 204 | D19: C15 | G19: 204
B20: 0.625 | C20: Wio - Thomas | D20: Wat toon je | G20: Wio - Kilian
D21: Creatief & Ondernemend
B22: 0.66666667 | D22: Online | E22: Kunst en maatschappij | F22: US BY NIGHT
E23: A3 | F23: Waagnatie, Rijnkaai 150, Antwerpen
B24: 0.70833333
B26: 0.75
B29: To-do | C29: =C5 -> 45922 | D29: =D5 -> 45923 | E29: =E5 -> 45924 | F29: =F5 -> 45925 | G29: =G5 -> 45926 | H29: =H5 -> 45927 | I29: =I5 -> 45928
C30: Vragen hoe ISP keuzevak werkt | D30: Behance fixen | E30: US BY NIGHT ticket zou ontvangen moeten zijn | F30: Met theo naar coole winkel gaan in antwerpen? (12U in antwerpen) | H30: Portfolio beginnen
C31: US BY NIGHT betalen en excel sheet invullen (zie mededeling) | D31: attest ding | E31: mss werken voor atelier ofzo al (storyboarding) | F31: Geen les in namiddag | H31: Google doc maken
C32: Laptop opladen en files erop zetten | D32: planning comunicatie fixen | F32: Studentenkaart meedoen!
C33: Behance pagina en account aanmaken en interessante cases opschrijven
C34: Vanaf ISP: studio digitaal kalender toevoegen hier, meer accuraat als acadmische kalender

Sheet Week 2
B3: Week | C3: 2 | D3: =C3/Index!R3 -> 0.05
C4: Maandag | D4: Dinsdag | E4: Woensdag | F4: Donderdag | G4: Vrijdag | H4: Zaterdag | I4: Zondag
C5: =Index!R4+(7*(C3-1)) -> 45929 | D5: =C5+1 -> 45930 | E5: =D5+1 -> 45931 | F5: =E5+1 -> 45932 | G5: =F5+1 -> 45933 | H5: =G5+1 -> 45934 | I5: =H5+1 -> 45935
B6: 0.33333333
B8: 0.375 | C8: Studio Digitaal | D8: 3D | G8: Studio Digitaal
C9: 204 | D9: D110 | G9: 204
B10: 0.41666667 | C10: Wio | G10: Wio - Kilian
C11: 9U - Hocus Focus | G11: Rush GT
B12: 0.45833333 | E12: Storytelling
E13: 115
B14: 0.5
B16: 0.54166667
B18: 0.58333333 | C18: Studio Digitaal | E18: Communicatie | F18: Web | G18: Studio Digitaal
C19: 204 | E19: 309 | F19: D110 | G19: 204
B20: 0.625 | C20: Wio - Thomas
B22: 0.66666667 | E22: Kunst en maatschappij
E23: A3
B24: 0.70833333
B26: 0.75
B29: To-do | C29: =C5 -> 45929 | D29: =D5 -> 45930 | E29: =E5 -> 45931 | F29: =F5 -> 45932 | G29: =G5 -> 45933 | H29: =H5 -> 45934 | I29: =I5 -> 45935
C30: Hack the future inschrijven | D30: Werken portfolio | F30: Werken digitaal | G30: Hack the future inschrijven
D31: Studio digitaal over concept nadenken en verder uitwerken, experimenteren, inschrijven feedback

Sheet Week 3
B3: Week | C3: 3 | D3: =C3/Index!R3 -> 0.075
C4: Maandag | D4: Dinsdag | E4: Woensdag | F4: Donderdag | G4: Vrijdag | H4: Zaterdag | I4: Zondag
C5: =Index!R4+(7*(C3-1)) -> 45936 | D5: =C5+1 -> 45937 | E5: =D5+1 -> 45938 | F5: =E5+1 -> 45939 | G5: =F5+1 -> 45940 | H5: =G5+1 -> 45941 | I5: =H5+1 -> 45942
B6: 0.33333333
B8: 0.375 | C8: Studio Digitaal | D8: 3D | G8: Studio Digitaal
C9: 204 | D9: D110 | G9: 204
B10: 0.41666667 | C10: Wio | D10: Les gaat niet door | G10: Wio - Kilian
C11: 9u - hocus focus | G11: Rush GT
B12: 0.45833333 | E12: Storytelling
E13: 115
B14: 0.5
B16: 0.54166667
B18: 0.58333333 | C18: Studio Digitaal | D18: Portfolio | F18: Web | G18: Studio Digitaal
C19: 204 | D19: 115 | F19: D110 | G19: 204
B20: 0.625 | C20: Wio - Thomas | D20: Wat zeg je
C21: In progress expo | D21: Creatief & Ondernemend
B22: 0.66666667 | D22: Online | E22: Kunst en maatschappij
D23: Les gaat niet door | E23: A3
B24: 0.70833333
B26: 0.75
B29: To-do | C29: =C5 -> 45936 | D29: =D5 -> 45937 | E29: =E5 -> 45938 | F29: =F5 -> 45939 | G29: =G5 -> 45940 | H29: =H5 -> 45941 | I29: =I5 -> 45942
C30: Feedback 11u40 | E30: Werken portfolio | F30: Werken portfolio | G30: Speciale rush - briefing 9:00 | I30: Werken portfolio
C31: Insta account maken portfolio | G31: Communicatie opdracht tegen 23:59s | I31: Communicatie nieuwe opdracht tegen 23:59
C32: Stageplekken beginnen zoeken | I32: Inschrijven volgende feedback maandag - visuele tests hebben
C33: Werken portfolio
C34: feedback inschrijven

Sheet Week 4
B3: Week | C3: 4 | D3: =C3/Index!R3 -> 0.1
C4: Maandag | D4: Dinsdag | E4: Woensdag | F4: Donderdag | G4: Vrijdag | H4: Zaterdag | I4: Zondag
C5: =Index!R4+(7*(C3-1)) -> 45943 | D5: =C5+1 -> 45944 | E5: =D5+1 -> 45945 | F5: =E5+1 -> 45946 | G5: =F5+1 -> 45947 | H5: =G5+1 -> 45948 | I5: =H5+1 -> 45949
B6: 0.33333333
B8: 0.375 | C8: Studio Digitaal | D8: 3D | G8: Studio Digitaal
C9: 204 | D9: D110 | G9: 204
B10: 0.41666667 | C10: Wio | G10: Wio - Thomas - Kilian
C11: 9U - Hocus Focus | G11: Wonder
B12: 0.45833333 | E12: Storytelling | G12: Afspraak 10U in Kortrijk
E13: 115
B14: 0.5
B16: 0.54166667
B18: 0.58333333 | C18: Studio Digitaal | D18: Portfolio | E18: Communicatie | F18: Web | G18: Studio Digitaal
C19: 204 | D19: C15 (kan lokaal anders zijn) | E19: 309 | F19: D110 | G19: 204
B20: 0.625 | C20: Wio - Thomas | D20: expertennamiddag
B22: 0.66666667 | E22: Kunst en maatschappij
E23: A3
B24: 0.70833333
B26: 0.75
B29: To-do | C29: =C5 -> 45943 | D29: =D5 -> 45944 | E29: =E5 -> 45945 | F29: =F5 -> 45946 | G29: =G5 -> 45947 | H29: =H5 -> 45948 | I29: =I5 -> 45949
C30: Op feedback met visual dingen en functionality afhebben | D30: Portfolio, al zoveel mogelijk af hebben, beste werken selecteren, representatief, ondersteunen wat je wil doen, minstens 5 maar meer verwacht, site of boekvorm | E30: Deadline ISP invullen | F30: Werken digitaal | G30: Wonder festival kortrijk, aanwezig zijn aan de budafabriek om 10u! | H30: Werken digitaal | I30: Indienen opdracht #1 - studio digitaal
C31: Vragen frank voor halloween night daar slapen | D31: portfoliodag – feedback van experten | E31: Werken digitaal | F31: Animatie maken van product dat werkt | G31: Werken digitaal | H31: Procesfolio updaten (zie specs briefing) | I31: Werken digitaal
D32: 14u00 Stijn D'hondt feedback experten portfolionamiddag opschrijven | E32: Feedback opschrijven van portfolio feedback | F32: Zoveel mogelijk code laten werken | G32: Case study pagina op je Behance page (zie specs briefing) | I32: Afwerken & indienen
D33: Feedback deftig formuleren | E33: HTML/CSS UI MAKEN | F33: Mobiele versie ontwerpen
D34: HTML/CSS UI MAKEN | F34: 2 X 6 INSTAGRAM BEELDEN (zie specs briefing)
F35: 3 beelden voor print

Sheet Week 5
B3: Week | C3: 5 | D3: =C3/Index!R3 -> 0.125
C4: Maandag | D4: Dinsdag | E4: Woensdag | F4: Donderdag | G4: Vrijdag | H4: Zaterdag | I4: Zondag
C5: =Index!R4+(7*(C3-1)) -> 45950 | D5: =C5+1 -> 45951 | E5: =D5+1 -> 45952 | F5: =E5+1 -> 45953 | G5: =F5+1 -> 45954 | H5: =G5+1 -> 45955 | I5: =H5+1 -> 45956
B6: 0.33333333
B8: 0.375 | C8: Studio Digitaal | D8: 3D | G8: Studio Digitaal
C9: 204 | D9: D110 | G9: 204
B10: 0.41666667 | C10: Wio - Kilian | G10: Wio - Kilian
C11: Opdracht #2 - RenAIssance | G11: Speeddate - Feedback
B12: 0.45833333 | C12: 10u: briefing opdracht #2 | E12: Storytelling
E13: 115
B14: 0.5
B16: 0.54166667 | E16: Brainstormen digitaal
B18: 0.58333333 | C18: Studio Digitaal | D18: Creatief & Ondernemend | F18: Web | G18: Studio Digitaal
C19: 204 | D19: Online | F19: D110 | G19: 204
B20: 0.625 | C20: Wio - Thomas
B22: 0.66666667 | E22: Kunst en maatschappij
E23: A3
B24: 0.70833333
B26: 0.75
B29: To-do | C29: =C5 -> 45950 | D29: =D5 -> 45951 | E29: =E5 -> 45952 | F29: =F5 -> 45953 | G29: =G5 -> 45954 | H29: =H5 -> 45955 | I29: =I5 -> 45956
C30: Werken portfolio | D30: Werken portfolio | E30: Werken portfolio | F30: Werken portfolio | G30: Werken portfolio | H30: Werken digitaal | I30: Werken digitaal
D31: assets blender 3D ontwepr downloaden en op laptop hebben | E31: 14 uur brainstormen opdracht digitaal (met nette?) | F31: Werken digitaal | G31: Portfolio af hebben en mails sturen
D32: log van cm: bv. ik heb vandaag 10 assets toegevoegd | E32: STYLOS | G32: Feedback + concept inlocken
D33: google doc updaten | E33: hoe is de projectweek? Naar school dan voor dnd?
D34: deadlines toevoegen nieuwe opdracht
D35: deadlines communicatie toevoegen

Sheet Week 6
B3: Week | C3: 6 | D3: =C3/Index!R3 -> 0.15
C4: Maandag | D4: Dinsdag | E4: Woensdag | F4: Donderdag | G4: Vrijdag | H4: Zaterdag | I4: Zondag
C5: =Index!R4+(7*(C3-1)) -> 45957 | D5: =C5+1 -> 45958 | E5: =D5+1 -> 45959 | F5: =E5+1 -> 45960 | G5: =F5+1 -> 45961 | H5: =G5+1 -> 45962 | I5: =H5+1 -> 45963
B6: 0.33333333
B8: 0.375 | C8: Studio Digitaal | D8: 3D | G8: Studio Digitaal
C9: 204 | D9: D110 | G9: 204
B10: 0.41666667
B12: 0.45833333 | E12: Storytelling
E13: 115
B14: 0.5
B16: 0.54166667
B18: 0.58333333 | C18: Studio Digitaal | D18: Keuzevak | F18: Web | G18: Studio Digitaal
C19: 204 | D19: ? | F19: D110 | G19: 204
B20: 0.625
B22: 0.66666667 | E22: Kunst en maatschappij
E23: A3
B24: 0.70833333
B26: 0.75
B29: To-do | C29: =C5 -> 45957 | D29: =D5 -> 45958 | E29: =E5 -> 45959 | F29: =F5 -> 45960 | G29: =G5 -> 45961 | H29: =H5 -> 45962 | I29: =I5 -> 45963
C30: Intensieve werkweek / geen atelier | D30: Intensieve werkweek / geen atelier | E30: Intensieve werkweek / geen atelier | F30: Intensieve werkweek / geen atelier | G30: Intensieve werkweek / geen atelier | H30: Naar dad
C31: Werkweek (er is geen atelier, geen feedback deze week) | D31: Werkweek (er is geen atelier, geen feedback deze week) | E31: Werkweek (er is geen atelier, geen feedback deze week) | F31: MOTIVATIEMAIL (2 versies) (oef. 2.) deadline communicatie | G31: Werkweek (er is geen atelier, geen feedback deze week)
F32: Werkweek (er is geen atelier, geen feedback deze week) | G32: Einddatum communicatie opdrachten alle 3
F33: Deadline communicatie opdracht top 3 bureaus

Sheet Week 7
B3: Week | C3: 7 | D3: =C3/Index!R3 -> 0.175
C4: Maandag | D4: Dinsdag | E4: Woensdag | F4: Donderdag | G4: Vrijdag | H4: Zaterdag | I4: Zondag
C5: =Index!R4+(7*(C3-1)) -> 45964 | D5: =C5+1 -> 45965 | E5: =D5+1 -> 45966 | F5: =E5+1 -> 45967 | G5: =F5+1 -> 45968 | H5: =G5+1 -> 45969 | I5: =H5+1 -> 45970
B6: 0.33333333
C7: Studio Digitaal
B8: 0.375 | C8: A4 | D8: Studio Digitaal | F8: Studio Digitaal | G8: Studio Digitaal
C9: Wio | D9: 204 | F9: 204 | G9: 204
B10: 0.41666667 | C10: 10U: briefing opdracht | D10: Wio - Kilian | F10: Wio - Kilian | G10: Wio - Kilian
C11: Introductie door Kristof Rubens en Koen Thewissen, teamvorming en eerste gesprekken met doelgroep-experts. | D11: Presentaties | F11: Presentaties | G11: Presentaties
B12: 0.45833333 | D12: Reviewmoment met docenten voor feedback op onderzoek en concepten. | E12: Storytelling | F12: Oefening op team dynamiek en start van de tweede reviewronde. | G12: Jury-presentaties
E13: 115
B14: 0.5
B16: 0.54166667
B18: 0.58333333 | C18: Studio Digitaal | D18: Studio Digitaal | E18: Communicatie | F18: Studio Digitaal | G18: Studio Digitaal
C19: A4 | D19: 204 | E19: 309 | F19: 204 | G19: 204
B20: 0.625 | C20: Wio - Thomas | D20: Expertinterviews ter validatie van inzichten, gevolgd door verdere uitwerking onder begeleiding van docenten. | G20: Jury-presentaties
C21: Voorbereiding en uitvoering van ‘rapid research', gevolgd door eerste conceptdefinitie met docentcoaching.
B22: 0.66666667 | E22: Kunst en maatschappij | F22: Voortzetting van review 2 volgens time slots.
E23: A3
B24: 0.70833333
B26: 0.75
B29: To-do | C29: =C5 -> 45964 | D29: =D5 -> 45965 | E29: =E5 -> 45966 | F29: =F5 -> 45967 | G29: =G5 -> 45968 | H29: =H5 -> 45969 | I29: =I5 -> 45970
C30: Projectweek eiwit shift | D30: Studio-overschrijdende projectweek | E30: Studio-overschrijdende projectweek | F30: Studio-overschrijdende projectweek | G30: Deadline eiwit shift | H30: Communicatie stunten oefening opnieuw maken
C31: Studio-overschrijdende projectweek | E31: LES KUNT EN MAATSCHAPPIJ OM 19UI!! | G31: Studio-overschrijdende projectweek
C32: communicatie deadline opdracht tailor made stunten
C33: 8:45 - Auditorium A4!!!!
C34: Frank sticker

Sheet Week 8
B3: Week | C3: 8 | D3: =C3/Index!R3 -> 0.2
C4: Maandag | D4: Dinsdag | E4: Woensdag | F4: Donderdag | G4: Vrijdag | H4: Zaterdag | I4: Zondag
C5: =Index!R4+(7*(C3-1)) -> 45971 | D5: =C5+1 -> 45972 | E5: =D5+1 -> 45973 | F5: =E5+1 -> 45974 | G5: =F5+1 -> 45975 | H5: =G5+1 -> 45976 | I5: =H5+1 -> 45977
B6: 0.33333333
B8: 0.375 | F8: Studio Digital: Hack the future | G8: Studio Digitaal
G9: 204
B10: 0.41666667 | G10: Pitch @ MSK
G11: Wio - Kilian
B12: 0.45833333 | E12: Storytelling
E13: 115
B14: 0.5
B16: 0.54166667
B18: 0.58333333 | G18: Studio Digitaal
G19: 204
B20: 0.625
B22: 0.66666667 | E22: Kunst en maatschappij
E23: A3
B24: 0.70833333
B26: 0.75
B29: To-do | C29: =C5 -> 45971 | D29: =D5 -> 45972 | E29: =E5 -> 45973 | F29: =F5 -> 45974 | G29: =G5 -> 45975 | H29: =H5 -> 45976 | I29: =I5 -> 45977
C30: Geen les | D30: Agenda leeg | E30: Socials doen van portfolio | F30: Studio Digital: Hack the future | G30: Alles inpakken in de avond | H30: Naar Zoé | I30: Naar Zoé
C31: tekstje over jezelf maken | D31: personal branding: tekstje over jezelf tegen 11/11/25 | E31: Alles op google doc zetten eiwitshift | G31: Feedback 12u
G32: BIJ MOM ZOE CADEAU HALEN

Sheet Week 9
B3: Week | C3: 9 | D3: =C3/Index!R3 -> 0.225
C4: Maandag | D4: Dinsdag | E4: Woensdag | F4: Donderdag | G4: Vrijdag | H4: Zaterdag | I4: Zondag
C5: =Index!R4+(7*(C3-1)) -> 45978 | D5: =C5+1 -> 45979 | E5: =D5+1 -> 45980 | F5: =E5+1 -> 45981 | G5: =F5+1 -> 45982 | H5: =G5+1 -> 45983 | I5: =H5+1 -> 45984
B6: 0.33333333
B8: 0.375 | C8: Studio Digitaal | D8: Boekbinden | G8: Studio Digitaal
C9: 204 | D9: D204 | G9: 204
B10: 0.41666667 | C10: 9U: Hokus Focus | D10: Les 1 | G10: Wio - Kilian
C11: Wio | G11: Rush GT
B12: 0.45833333 | E12: Storytelling | F12: Webdesign II
E13: 115 | F13: D301
B14: 0.5
B16: 0.54166667
B18: 0.58333333 | C18: Studio Digitaal | E18: Communicatie | G18: Studio Digitaal
C19: 204 | E19: 309 | G19: 204
B20: 0.625 | C20: Wio - Thomas
B22: 0.66666667 | E22: Kunst en maatschappij
E23: A3
B24: 0.70833333
B26: 0.75
B29: To-do | C29: =C5 -> 45978 | D29: =D5 -> 45979 | E29: =E5 -> 45980 | F29: =F5 -> 45981 | G29: =G5 -> 45982 | H29: =H5 -> 45983 | I29: =I5 -> 45984
C30: Deadline RAMKOT rush | E30: Communicatie: Jezelf en je werk presenteren (why how what ding ofzoiets) | F30: Werken klok ding | G30: Webdesign inhalen en indienen | H30: ZOE BDAY! | I30: WERKEN KLOK
C31: Socials afwerken portfolio | E31: Wie contacteren? Minstens 3 pistes. Doen! Planning maken, Taken verdelen als je in een groepje werkt | F31: Webdesign inhalen | G31: bday kaart | H31: snacks en cadeautje meedoen | I31: Locatie fixen klok!
E32: Mails sturen | F32: bellen voor digitaal ding | G32: WERKEN KLOK | H32: WERKEN KLOK
F33: stage bedrijven sturen | G33: VISUELE STIJL VAST + NAAM VINDEN
G34: MAILS STUREN PLEKKEN VOOR OP STELLEN
G35: communicatie taken maken

Sheet Week 10
B3: Week | C3: 10 | D3: =C3/Index!R3 -> 0.25
C4: Maandag | D4: Dinsdag | E4: Woensdag | F4: Donderdag | G4: Vrijdag | H4: Zaterdag | I4: Zondag
C5: =Index!R4+(7*(C3-1)) -> 45985 | D5: =C5+1 -> 45986 | E5: =D5+1 -> 45987 | F5: =E5+1 -> 45988 | G5: =F5+1 -> 45989 | H5: =G5+1 -> 45990 | I5: =H5+1 -> 45991
B6: 0.33333333
B8: 0.375 | C8: Studio Digitaal | D8: Boekbinden | G8: Studio Digitaal
C9: 204 | D9: D204 | G9: 204
B10: 0.41666667 | C10: Wio | D10: Les 2 | G10: Wio - Kilian
C11: 9U: hokus focus | G11: Rush GT
B12: 0.45833333 | E12: Storytelling | F12: Webdesign II
E13: 115 | F13: D301
B14: 0.5
B16: 0.54166667 | E16: FILMEN VOOR VIDEO KUNST EN MAATSCHAPPIJ
B18: 0.58333333 | C18: OISOI STUDIO | D18: Portfolio | F18: STUDIO VROEMVROEM | G18: Studio Digitaal
C19: Tennisbaanstraat 41, 9000 Gent. | D19: C15 | F19: Ekkergemstraat 199 | G19: 204
B20: 0.625 | D20: feedback (Hans + gastdocent)
D21: Creatief & Ondernemend
B22: 0.66666667 | D22: Online | E22: Kunst en maatschappij
E23: A3
B24: 0.70833333
B26: 0.75 | E26: UITGAAN MET THEO
B29: To-do | C29: =C5 -> 45985 | D29: =D5 -> 45986 | E29: =E5 -> 45987 | F29: =F5 -> 45988 | G29: =G5 -> 45989 | H29: =H5 -> 45990 | I29: =I5 -> 45991
C30: Deadline alles communicatie taken | D30: deadline communicatie starr-methode | E30: Presentaties kunst & maatschappij | F30: WERKEN KLOK | G30: WERKEN KLOK | H30: KLOK MOET AF ZIJN | I30: KLOK MOET AFZIJN
C31: deadline peerfeedback half half | D31: CHECKEN MATERIAALLIJST BOEKBINDEN | E31: Video: resultaat in (filmscène in mov, mp4 of QuickTime) + setverslag | F31: INTOX DRIVER WINTER EVENT | G31: Alle visuals functioneel | H31: Extra’s (geluid), (posters voor de doos design), Opstellen en in werking stellen van de klok | I31: FEESTJE ZOE!!!!!
C32: WERKEN KLOK | D32: video deadline indienen film | E32: Uitgaan met theo en geld hebben voor uitgaan | F32: kettingen theo en juwelen | G32: HANDTRACKING MAKEN | I32: AL STUFF INPAKKEN VOOR NAAR DAD?
C33: OISOI STUDIO 14:00!!!! | D33: WERKEN KLOK | E33: VISUALS AF + WERKEND OPSTELLING | G33: teamviewer op die laptop zetten en automatisch laten booten
C34: Communicatie vrouw komt in de studios bespreken hoe het gaat met stage zoeken | D34: video editen voor storytelling | E34: Fruitsap (heeft alex al?) voor pisang en eten meenemen
C35: materiaal kopen boekbinden | E35: LES SKIPPEN VOOR UITGAAN NAAR THEO?
C36: NAAM VINDEN KLOK | E36: SETVERSLAG OOK INDIENEN
C37: MAILS STUREN PLEKKEN VOOR OP STELLEN
C38: 5 euro iedereen

Sheet Week 11
B3: Week | C3: 11 | D3: =C3/Index!R3 -> 0.275
C4: Maandag | D4: Dinsdag | E4: Woensdag | F4: Donderdag | G4: Vrijdag | H4: Zaterdag | I4: Zondag
C5: =Index!R4+(7*(C3-1)) -> 45992 | D5: =C5+1 -> 45993 | E5: =D5+1 -> 45994 | F5: =E5+1 -> 45995 | G5: =F5+1 -> 45996 | H5: =G5+1 -> 45997 | I5: =H5+1 -> 45998
B6: 0.33333333
G7: Studio Digitaal
B8: 0.375 | C8: Studio Digitaal | D8: Boekbinden | G8: 204
C9: 204 | D9: D204 | G9: Afbraak
B10: 0.41666667 | C10: Wio | D10: Les 3 | G10: Wio - Kilian
C11: 9U: Hokus Focus
B12: 0.45833333 | E12: Storytelling | F12: Webdesign II
E13: 115 | F13: D301
B14: 0.5
B16: 0.54166667 | D16: Theo fotos | F16: Schleiper dingen kopen voor bookmaking
D17: ?
B18: 0.58333333 | C18: Studio Digitaal | E18: Communicatie | G18: Studio Digitaal
C19: 204 | E19: 309 | G19: 204
B20: 0.625 | C20: Wio - Thomas
B22: 0.66666667 | E22: Kunst en maatschappij
E23: A3
B24: 0.70833333
B26: 0.75
B29: To-do | C29: =C5 -> 45992 | D29: =D5 -> 45993 | E29: =E5 -> 45994 | F29: =F5 -> 45995 | G29: =G5 -> 45996 | H29: =H5 -> 45997 | I29: =I5 -> 45998
C30: Opstellen en in werking stellen van de klok | D30: CHECKEN MATERIAALLIJST BOEKBINDEN | E30: Presentaties kunst & maatschappij | F30: VIDEO EDITEN KUNST EN MAATSCHAPPIJ | G30: volgende week vrijdag aan stage laten weten van vroemvroem | H30: VIDEO EDITEN KUNST EN MAATSCHAPPIJ | I30: Voormiddag: afbreken en weghalen van de klokken.
C31: Extra’s (geluid), (posters voor de doos design), Opstellen en in werking stellen van de klok | D31: VOOR THEOS FOTOS MAKEN!!!!! | E31: teaser klok maken (5s, mp4, 25fps, 1080p, 16:9) | F31: webdesign indienen | G31: Afspraak om 9u in het atelier (want de goedheilig man komt langs), nadien gaan we samen alle klokken gaan bekijken. Zorg dat je met de fiets bent, wie echt geen fiets heeft kan voor de laatste locatie mee met Kilian in de auto. | H31: Bookmaking inhalen | I31: DEADLINE: ALLE DELIVERABLES KLOK
C32: beelden print enzo maken voor klok | D32: BOOKMAKING ALTERNATIEVE OPDRACHT | G32: 8:30 AL AAN INSTALLATIE ZIJN VOOR TE TESTEN!!!!!!!!!! | H32: rest voor klok opdracht al maken (visuals enzo)
C33: Opbouw van jullie klok, jullie hebben de hele dag tijd om deze op te bouwen. Het atelier is ondertussen open en de docenten zijn aanwezig mochten jullie vragen hebben. Neem voldoende beeldmateriaal van de opbouw! | D33: theo makeup stuff

Sheet Week 12
B3: Week | C3: 12 | D3: =C3/Index!R3 -> 0.3
C4: Maandag | D4: Dinsdag | E4: Woensdag | F4: Donderdag | G4: Vrijdag | H4: Zaterdag | I4: Zondag
C5: =Index!R4+(7*(C3-1)) -> 45999 | D5: =C5+1 -> 46000 | E5: =D5+1 -> 46001 | F5: =E5+1 -> 46002 | G5: =F5+1 -> 46003 | H5: =G5+1 -> 46004 | I5: =H5+1 -> 46005
B6: 0.33333333
B8: 0.375 | C8: Studio Digitaal | D8: Boekbinden | G8: Studio Digitaal
C9: 204 | D9: D204 | G9: 204
B10: 0.41666667 | C10: Wio | D10: Les 4 | G10: Wio - Kilian
C11: 10U: feedback opdracht #3 | G11: Rush GT
B12: 0.45833333 | E12: Storytelling | F12: Webdesign II
E13: 115 | F13: D301
B14: 0.5
B16: 0.54166667
B18: 0.58333333 | C18: Studio Digitaal | D18: Portfolio | G18: Studio Digitaal
C19: 204 | D19: 115 | G19: 204
B20: 0.625 | C20: Wio - Thomas | D20: 14:20 FEEDBACK
B22: 0.66666667 | E22: Kunst en maatschappij
D23: Creatief & Ondernemend | E23: A3
B24: 0.70833333 | D24: Online
D25: 16:30 C&O Online feedback
B26: 0.75
B29: To-do | C29: =C5 -> 45999 | D29: =D5 -> 46000 | E29: =E5 -> 46001 | F29: =F5 -> 46002 | G29: =G5 -> 46003 | H29: =H5 -> 46004 | I29: =I5 -> 46005
C30: Briefing opdracht #3: FUTURE OF THE InTerwebZ | D30: feedback - presentaties optioneel | E30: Presentaties kunst & maatschappij | F30: DOCUMENTAIRE KILIAN MAKEN, MIOET KLAAR ZIJN VOOR PRINT | G30: vrijdag pitch ideeen
C31: 10U: briefing nieuwe opdracht | D31: CHECKEN MATERIAALLIJST BOEKBINDEN | E31: 10 DEC KUNST DING VOORSTELLEN ONS GROEPJE | F31: Studio digitaal pitch maken ofzo
C32: Voormiddag: afbreken en weghalen van de klokken. In de namiddag start de nieuwe briefing. | D32: 14U20 FEEDBACK HANS!!!!!!!!!!!!!!!!!! | E32: STORYTELLING DEADLINE MYTHOLOGIE PRESENTATIE (BROWSER EXTENSION MOCKUP DIE TOONT HOE JE DOOMSCROLLED/ALS HET TE VEEL IS, DAN CRASHED HET SCHIP EN VERLIES JE JE STREAK EN VERLIES JE VAN JE VRIENDEN) | F32: rushen op portfolio en insta zetten
C33: Briefing van de laatste opdracht om 10u | D33: ons begeleidingsmoment is online voor BMC & financieel plan. We zullen in groepjes van 3 werken.
C34: klok ding op portfolio toevoegen | D34: 16.30 DINSDAG C&O ONLINE
C35: alles op google doc toevoegen
C36: GROEPJE KIEZEN VAN 3 VOOR C&O

Sheet Week 13
B3: Week | C3: 13 | D3: =C3/Index!R3 -> 0.325
C4: Maandag | D4: Dinsdag | E4: Woensdag | F4: Donderdag | G4: Vrijdag | H4: Zaterdag | I4: Zondag
C5: =Index!R4+(7*(C3-1)) -> 46006 | D5: =C5+1 -> 46007 | E5: =D5+1 -> 46008 | F5: =E5+1 -> 46009 | G5: =F5+1 -> 46010 | H5: =G5+1 -> 46011 | I5: =H5+1 -> 46012
B6: 0.33333333
B8: 0.375 | C8: Studio Digitaal | D8: Boekbinden | E8: Fysieke visitekaartje afgeven | G8: Studio Digitaal
C9: 204 | D9: D204 | E9: 111 | G9: 204
B10: 0.41666667 | C10: Wio | D10: Les 5 | E10: 9-13U | G10: Wio - Kilian
C11: 9U: Hokus Focus | G11: Rush GT
B12: 0.45833333 | E12: Storytelling | F12: Webdesign II
E13: 115 | F13: D301
B14: 0.5
B16: 0.54166667
B18: 0.58333333 | C18: Studio Digitaal | D18: Portfolio | E18: Communicatie | G18: Studio Digitaal
C19: 204 | D19: C15 | E19: 309 | G19: 204
B20: 0.625 | C20: Wio - Thomas | D20: FYSIEK INDIENEN? NAAR LES?
B22: 0.66666667 | E22: Kunst en maatschappij
E23: A3
B24: 0.70833333
D25: Creatief & Ondernemend
B26: 0.75 | D26: Online
D27: 17:45 C&O Online feedback
B29: To-do | C29: =C5 -> 46006 | D29: =D5 -> 46007 | E29: =E5 -> 46008 | F29: =F5 -> 46009 | G29: =G5 -> 46010 | H29: =H5 -> 46011 | I29: =I5 -> 46012
C30: 15/12 20u visual design stickers | D30: Deadline portfolio: geen les - enkel inleveren | E30: Presentaties kunst & maatschappij | F30: Op feedback gaan | G30: INDIENEN CROSSMEDIA KERSTRECES
C31: PORTFOLIO: portfolio, visitekaartje, motivatiebrief 30, 0, 255 #ff9100 Fonts: Geist Mono Gallient moeten inhoudelijk tonen wie je bent en wat je kan, en vormellijk passen naam en contactgegevens vermelden ook motivatiebrief in je stijl! Motivatiemail van communicatie gebruiken hiervoor | D31: CHECKEN MATERIAALLIJST BOEKBINDEN | E31: artikels presenteren, lezen en feedback geven (KILIAN INTERVIEWEN ALS DESIGNER) | F31: Werken digitaal | G31: LES GEVEN VRIJDAG LOTTIE FILES EN HOVER ANIMATIE MAKEN
C32: Email toevoegen card Behance | D32: portfolio: 16 DECEMBER PRINT EN DIGITAAL INDIENEN | E32: uitgebrprint aritkel binnen 2 weken AFGEPRINT IN DE LES MEEHEBBEN | F32: CROSSMEDIA INDIENEN | G32: INDIENEN CROSSMEDIAS ALLEMAAL
C33: VANDAAG COMMUNICATIE DING MAKEN EN AFPRINTEN | D33: email toevoegen behance card | E33: communicatie uitgeprinte artikel en fluostiften meedoen | F33: LES VOORBERIDEN MORGEN GEVEN LOTTIE FILES | G33: Kerstfeestje
C34: BOOKMAKING INHALEN | D34: BOOKMAKING INHALEN HEEL DE DAG! | E34: BOOKMAKING INHALEN | G34: vliegertje en logboek indienen
D35: WEBDESIGN INHALEN ENE LES | G35: webdesign indienen (website, extra p5 dingetje)
G36: INDIENEN COMMUNICATIE ARTIKEL DEADLINE

Sheet Week 14
B3: Week | C3: 14 | D3: =C3/Index!R3 -> 0.35
C4: Maandag | D4: Dinsdag | E4: Woensdag | F4: Donderdag | G4: Vrijdag | H4: Zaterdag | I4: Zondag
C5: =Index!R4+(7*(C3-1)) -> 46013 | D5: =C5+1 -> 46014 | E5: =D5+1 -> 46015 | F5: =E5+1 -> 46016 | G5: =F5+1 -> 46017 | H5: =G5+1 -> 46018 | I5: =H5+1 -> 46019
B6: 0.33333333
B8: 0.375
B10: 0.41666667
B12: 0.45833333
B14: 0.5
B16: 0.54166667
B18: 0.58333333
B20: 0.625
B22: 0.66666667
B24: 0.70833333
B26: 0.75
B29: To-do | C29: =C5 -> 46013 | D29: =D5 -> 46014 | E29: =E5 -> 46015 | F29: =F5 -> 46016 | G29: =G5 -> 46017 | H29: =H5 -> 46018 | I29: =I5 -> 46019
C30: Kerstvakantie | D30: Kerstvakantie | E30: Kerstvakantie | F30: Kerstvakantie | G30: Kerstvakantie
G31: NAAR GAMESTATE GAAN VOOR TICKETS EXPIREN

Sheet Week 15
B3: Week | C3: 15 | D3: =C3/Index!R3 -> 0.375
C4: Maandag | D4: Dinsdag | E4: Woensdag | F4: Donderdag | G4: Vrijdag | H4: Zaterdag | I4: Zondag
C5: =Index!R4+(7*(C3-1)) -> 46020 | D5: =C5+1 -> 46021 | E5: =D5+1 -> 46022 | F5: =E5+1 -> 46023 | G5: =F5+1 -> 46024 | H5: =G5+1 -> 46025 | I5: =H5+1 -> 46026
B6: 0.33333333
B8: 0.375
B10: 0.41666667
B12: 0.45833333
B14: 0.5
B16: 0.54166667
B18: 0.58333333
B20: 0.625
B22: 0.66666667
B24: 0.70833333
B26: 0.75
B29: To-do | C29: =C5 -> 46020 | D29: =D5 -> 46021 | E29: =E5 -> 46022 | F29: =F5 -> 46023 | G29: =G5 -> 46024 | H29: =H5 -> 46025 | I29: =I5 -> 46026
C30: Kerstvakantie | D30: Kerstvakantie | E30: Kerstvakantie | F30: Kerstvakantie | G30: Kerstvakantie | H30: digitaal werken | I30: digitaal werken
C31: digitaal, marketing, bookmaking | D31: digitaal, marketing, bookmaking | E31: digitaal, marketing, bookmaking | F31: bookmaking maken | G31: bookmaking maken | H31: digitaal, marketing, bookmaking | I31: digitaal, marketing, bookmaking
F32: digitaal, marketing, bookmaking | G32: digitaal, marketing, bookmaking

Sheet Week 16
B3: Week | C3: 16 | D3: =C3/Index!R3 -> 0.4
C4: Maandag | D4: Dinsdag | E4: Woensdag | F4: Donderdag | G4: Vrijdag | H4: Zaterdag | I4: Zondag
C5: =Index!R4+(7*(C3-1)) -> 46027 | D5: =C5+1 -> 46028 | E5: =D5+1 -> 46029 | F5: =E5+1 -> 46030 | G5: =F5+1 -> 46031 | H5: =G5+1 -> 46032 | I5: =H5+1 -> 46033
B6: 0.33333333
B8: 0.375 | C8: Studio Digitaal | D8: Crossmedia | G8: Studio Digitaal
C9: 204 | D9: ? | G9: 204
B10: 0.41666667 | C10: Wio | G10: Wio - Kilian
C11: 9U: Hokus Focus | G11: Rush GT
B12: 0.45833333 | E12: Storytelling | F12: Crossmedia
E13: 115 | F13: ?
B14: 0.5
B16: 0.54166667
C17: Vroem vroem animatie
B18: 0.58333333 | C18: 0.5625 | D18: Keuzevak | E18: Communicatie | G18: Studio Digitaal
D19: ? | E19: 309 | G19: 204
B20: 0.625
B22: 0.66666667 | E22: Kunst en maatschappij
E23: A3
B24: 0.70833333
B26: 0.75
B29: To-do | C29: =C5 -> 46027 | D29: =D5 -> 46028 | E29: =E5 -> 46029 | F29: =F5 -> 46030 | G29: =G5 -> 46031 | H29: =H5 -> 46032 | I29: =I5 -> 46033
C30: Tegen januari idee hebben waar je stage wilt doen | D30: marketing taken maken | E30: marketing taken maken | F30: werken digitaal | G30: 09/01: Feedback
C31: 05/01: Feedback
C32: VROEM VROEM VANAF 13.30 OP AGENDA ZETTEN

Sheet Week 17
B3: Week | C3: 17 | D3: =C3/Index!R3 -> 0.425
C4: Maandag | D4: Dinsdag | E4: Woensdag | F4: Donderdag | G4: Vrijdag | H4: Zaterdag | I4: Zondag
C5: =Index!R4+(7*(C3-1)) -> 46034 | D5: =C5+1 -> 46035 | E5: =D5+1 -> 46036 | F5: =E5+1 -> 46037 | G5: =F5+1 -> 46038 | H5: =G5+1 -> 46039 | I5: =H5+1 -> 46040
B6: 0.33333333
B8: 0.375 | C8: Studio Digitaal | D8: Crossmedia | F8: BIJ JAN VROEM VROEM | G8: Studio Digitaal
C9: 204 | D9: ? | F9: hier voormiddag 10U | G9: 204
B10: 0.41666667 | C10: Wio | G10: Wio - Kilian
C11: 9U: Hokus Focus | D11: 0
B12: 0.45833333 | E12: Storytelling
E13: 115
B14: 0.5
B16: 0.54166667
C17: Vroem vroem animatie
B18: 0.58333333 | C18: 0.5625 | D18: Keuzevak | E18: Communicatie | G18: Studio Digitaal
D19: ? | E19: 309 | G19: 204
B20: 0.625
B22: 0.66666667 | E22: Kunst en maatschappij
E23: A3
B24: 0.70833333
B26: 0.75
B29: To-do | C29: =C5 -> 46034 | D29: =D5 -> 46035 | E29: =E5 -> 46036 | F29: =F5 -> 46037 | G29: =G5 -> 46038 | H29: =H5 -> 46039 | I29: =I5 -> 46040
C30: Final draft test/presentatie: week voorafgaand aan jury | D30: C&O TAKEN MAKEN | E30: BOOKMAKING MAKEN | F30: DIGITAAL WERKEN | G30: Einde semester 1! | H30: WERKEN VROEMVROEM DINGEN | I30: C&O: kostprijsberekning en offertes taak deadline 23u59
C31: 12/01: Feedback | G31: Final draft test/presentatie: week voorafgaand aan jury | I31: C&O: ondernemingsplan en offerte
C32: MAANDAG VROEMVROEM OF DINSDAG | G32: 16/01: Proefjury | I32: C&O: Projectplan
C33: Hln x andere site structuur,.parody hln vormgeving (hvln voorlaastste nkeuwd) Videos via url en niet url uploaden Afbeeldingen, geluid Cms ontwerpen maken en websitz zelf Heel snel veel nieuwe congent en archief Statistieken bezoekers, eenvoudige statsitieken, views op videos en vanwaar mensen bezoeken Volgendeweek bekijken Maandagnamiddag probeten hier volgende week en anders dinsdag voormiddag Ander porject: Straatkunst project Belgacom toren die begroeit en mooi wordt testen Bamboo 3d printer goed? | G33: Op vrijdag 16 januari organiseren we een verplichte proefjury.
G34: Je presenteert hier alsof het de effectieve jury is. De feedback focust uitsluitend op je presentatiewijze (niet op het werk zelf) en kan je meenemen naar de finale jurypresentatie.

Sheet Week 18
B3: Week | C3: 18 | D3: =C3/Index!R3 -> 0.45
C4: Maandag | D4: Dinsdag | E4: Woensdag | F4: Donderdag | G4: Vrijdag | H4: Zaterdag | I4: Zondag
C5: =Index!R4+(7*(C3-1)) -> 46041 | D5: =C5+1 -> 46042 | E5: =D5+1 -> 46043 | F5: =E5+1 -> 46044 | G5: =F5+1 -> 46045 | H5: =G5+1 -> 46046 | I5: =H5+1 -> 46047
B6: 0.33333333
B8: 0.375 | C8: Studio Digitaal | D8: JURY DIGITAAL | G8: Studio Digitaal
C9: 204 | D9: 204 | G9: 204
B10: 0.41666667 | D10: Wio, Thomas, Kilian, Dennis Hellebaut, Sarah Mayer
B12: 0.45833333 | E12: Storytelling | F12: Crossmedia
E13: 115 | F13: ?
B14: 0.5
B16: 0.54166667
B18: 0.58333333 | C18: Studio Digitaal | E18: Communicatie | G18: Studio Digitaal
C19: 204 | E19: 309 | G19: 204
B20: 0.625
B22: 0.66666667 | E22: Kunst en maatschappij
E23: A3
B24: 0.70833333
B26: 0.75
B29: To-do | C29: =C5 -> 46041 | D29: =D5 -> 46042 | E29: =E5 -> 46043 | F29: =F5 -> 46044 | G29: =G5 -> 46045 | H29: =H5 -> 46046 | I29: =I5 -> 46047
C30: JURY | D30: JURY | E30: 9 en 16 boekmaking inleveren aan het onthaal doos voor boekjes, naam op elk van de boekjes en groep! naam aftekenen op aftekenlijst
C31: 19/01: Feedback (vrijblijvend, enkel voormiddag) | D31: deadline opdracht digitaal: dinsdag 20 januari 2026 – op de jury
D32: Beste studenten, De feestdagen staan voor de deur! We willen jullie alvast bedanken voor een boeiend en energiek eerste semester. Zoals jullie weten, ronden we dit semester af met een jury. Hieronder vinden jullie alle praktische informatie. Jury Datum: dinsdag 20 januari Uur: van 9u tot 18u (De definitieve planning per student komt één week vooraf online.) Interne juryleden: Wio, Thomas & Kilian Externe juryleden: Dennis Hellebaut – Senior Designer bij Planet B Sarah Mayer – Immersive Artist Presentatie Jullie worden beoordeeld op de drie opdrachten van het eerste semester, aangevuld met de rushes (bundel de rushes in max 4 slides en licht kort toe). Zorg voor een duidelijke, logisch opgebouwde presentatie met voldoende context, beeldmateriaal en behind the scenes, zodat elk project helder en coherent wordt voorgesteld. De presentaties verlopen per groep van de ‘klok’-opdracht. Eerst presenteren jullie deze gezamenlijke opdracht samen, daarna komt elk groepslid individueel aan bod. Proefjury Op vrijdag 16 januari organiseren we een verplichte proefjury. Je presenteert hier alsof het de effectieve jury is. De feedback focust uitsluitend op je presentatiewijze (niet op het werk zelf) en kan je meenemen naar de finale jurypresentatie. Planning 05/01: Feedback 09/01: Feedback 12/01: Feedback 16/01: Proefjury 19/01: Feedback (vrijblijvend, enkel voormiddag) 20/01: Jury Geniet van de feestdagen en tot in januari! Wio, Thomas & Kilian

Sheet Week 19
B3: Week | C3: 19 | D3: =C3/Index!R3 -> 0.475
C4: Maandag | D4: Dinsdag | E4: Woensdag | F4: Donderdag | G4: Vrijdag | H4: Zaterdag | I4: Zondag
C5: =Index!R4+(7*(C3-1)) -> 46048 | D5: =C5+1 -> 46049 | E5: =D5+1 -> 46050 | F5: =E5+1 -> 46051 | G5: =F5+1 -> 46052 | H5: =G5+1 -> 46053 | I5: =H5+1 -> 46054
B6: 0.33333333
B8: 0.375
B10: 0.41666667
B12: 0.45833333
B14: 0.5
B16: 0.54166667
B18: 0.58333333
B20: 0.625
B22: 0.66666667
B24: 0.70833333
B26: 0.75
B29: To-do | C29: =C5 -> 46048 | D29: =D5 -> 46049 | E29: =E5 -> 46050 | F29: =F5 -> 46051 | G29: =G5 -> 46052 | H29: =H5 -> 46053 | I29: =I5 -> 46054
C30: 5 weken voor einde stage | D30: START STAGE!!!! | E30: in week gy van adya | F30: in week gy van adya | G30: 30ste vrijdag mss naar theo jury | H30: 10 weken voor einde stage | I30: 10 weken voor einde stage
D31: 10 weken voor einde stage | E31: 10 weken voor einde stage | F31: 10 weken voor einde stage | G31: 10 weken voor einde stage

Sheet Week 20
B3: Week | C3: 20 | D3: =C3/Index!R3 -> 0.5
C4: Maandag | D4: Dinsdag | E4: Woensdag | F4: Donderdag | G4: Vrijdag | H4: Zaterdag | I4: Zondag
C5: =Index!R4+(7*(C3-1)) -> 46055 | D5: =C5+1 -> 46056 | E5: =D5+1 -> 46057 | F5: =E5+1 -> 46058 | G5: =F5+1 -> 46059 | H5: =G5+1 -> 46060 | I5: =H5+1 -> 46061
B6: 0.33333333
B8: 0.375
B10: 0.41666667
B12: 0.45833333
B14: 0.5
B16: 0.54166667
B18: 0.58333333
B20: 0.625
B22: 0.66666667
B24: 0.70833333
B26: 0.75
B29: To-do | C29: =C5 -> 46055 | D29: =D5 -> 46056 | E29: =E5 -> 46057 | F29: =F5 -> 46058 | G29: =G5 -> 46059 | H29: =H5 -> 46060 | I29: =I5 -> 46061
C30: 18 weken voor deadline bachelorproef | D30: 18 weken voor deadline bachelorproef | E30: guy van adya in gent zien | F30: guy van adya in gent zien | G30: 18 weken voor deadline bachelorproef | H30: 18 weken voor deadline bachelorproef | I30: 18 weken voor deadline bachelorproef
C31: 9 weken voor einde stage | D31: 9 weken voor einde stage | E31: 18 weken voor deadline bachelorproef | F31: 18 weken voor deadline bachelorproef | G31: 9 weken voor einde stage | H31: 9 weken voor einde stage | I31: 9 weken voor einde stage
E32: 9 weken voor einde stage | F32: 9 weken voor einde stage

Sheet Week 21
B3: Week | C3: 21 | D3: =C3/Index!R3 -> 0.525
C4: Maandag | D4: Dinsdag | E4: Woensdag | F4: Donderdag | G4: Vrijdag | H4: Zaterdag | I4: Zondag
C5: =Index!R4+(7*(C3-1)) -> 46062 | D5: =C5+1 -> 46063 | E5: =D5+1 -> 46064 | F5: =E5+1 -> 46065 | G5: =F5+1 -> 46066 | H5: =G5+1 -> 46067 | I5: =H5+1 -> 46068
B6: 0.33333333
B8: 0.375
B10: 0.41666667
B12: 0.45833333
B14: 0.5
B16: 0.54166667
B18: 0.58333333
B20: 0.625
B22: 0.66666667
B24: 0.70833333
B26: 0.75
B29: To-do | C29: =C5 -> 46062 | D29: =D5 -> 46063 | E29: =E5 -> 46064 | F29: =F5 -> 46065 | G29: =G5 -> 46066 | H29: =H5 -> 46067 | I29: =I5 -> 46068
C30: 17 weken voor deadline bachelorproef | D30: 17 weken voor deadline bachelorproef | E30: 17 weken voor deadline bachelorproef | F30: 17 weken voor deadline bachelorproef | G30: 17 weken voor deadline bachelorproef | H30: terugkomdag 1 | I30: digitale stage: indienen startverslag 15/02
C31: 8 weken voor einde stage | D31: 8 weken voor einde stage | E31: 8 weken voor einde stage | F31: 8 weken voor einde stage | G31: 8 weken voor einde stage | H31: 17 weken voor deadline bachelorproef | I31: indienen startverslag 15-02
H32: 8 weken voor einde stage | I32: 17 weken voor deadline bachelorproef
I33: 8 weken voor einde stage

Sheet Week 22
B3: Week | C3: 22 | D3: =C3/Index!R3 -> 0.55
C4: Maandag | D4: Dinsdag | E4: Woensdag | F4: Donderdag | G4: Vrijdag | H4: Zaterdag | I4: Zondag
C5: =Index!R4+(7*(C3-1)) -> 46069 | D5: =C5+1 -> 46070 | E5: =D5+1 -> 46071 | F5: =E5+1 -> 46072 | G5: =F5+1 -> 46073 | H5: =G5+1 -> 46074 | I5: =H5+1 -> 46075
B6: 0.33333333
B8: 0.375
B10: 0.41666667
B12: 0.45833333
B14: 0.5
B16: 0.54166667
B18: 0.58333333
B20: 0.625
B22: 0.66666667
B24: 0.70833333
B26: 0.75
B29: To-do | C29: =C5 -> 46069 | D29: =D5 -> 46070 | E29: =E5 -> 46071 | F29: =F5 -> 46072 | G29: =G5 -> 46073 | H29: =H5 -> 46074 | I29: =I5 -> 46075
C30: 16 weken voor deadline bachelorproef | D30: 16 weken voor deadline bachelorproef | E30: 16 weken voor deadline bachelorproef | F30: 16 weken voor deadline bachelorproef | G30: 16 weken voor deadline bachelorproef | H30: 16 weken voor deadline bachelorproef | I30: 16 weken voor deadline bachelorproef
C31: 7 weken voor einde stage | D31: 7 weken voor einde stage | E31: 7 weken voor einde stage | F31: 7 weken voor einde stage | G31: 7 weken voor einde stage | H31: 7 weken voor einde stage | I31: 7 weken voor einde stage

Sheet Week 23
B3: Week | C3: 23 | D3: =C3/Index!R3 -> 0.575
C4: Maandag | D4: Dinsdag | E4: Woensdag | F4: Donderdag | G4: Vrijdag | H4: Zaterdag | I4: Zondag
C5: =Index!R4+(7*(C3-1)) -> 46076 | D5: =C5+1 -> 46077 | E5: =D5+1 -> 46078 | F5: =E5+1 -> 46079 | G5: =F5+1 -> 46080 | H5: =G5+1 -> 46081 | I5: =H5+1 -> 46082
B6: 0.33333333
B8: 0.375
B10: 0.41666667
B12: 0.45833333
B14: 0.5
B16: 0.54166667
B18: 0.58333333
B20: 0.625
B22: 0.66666667
B24: 0.70833333
B26: 0.75
B29: To-do | C29: =C5 -> 46076 | D29: =D5 -> 46077 | E29: =E5 -> 46078 | F29: =F5 -> 46079 | G29: =G5 -> 46080 | H29: =H5 -> 46081 | I29: =I5 -> 46082
C30: 15 weken voor deadline bachelorproef | D30: 15 weken voor deadline bachelorproef | E30: 25 februari vrij? Tim burton - 19u - zondag concert | F30: 15 weken voor deadline bachelorproef | G30: 15 weken voor deadline bachelorproef | H30: 15 weken voor deadline bachelorproef | I30: 15 weken voor deadline bachelorproef
C31: 6 weken voor einde stage | D31: 6 weken voor einde stage | E31: 15 weken voor deadline bachelorproef | F31: 6 weken voor einde stage | G31: 6 weken voor einde stage | H31: 6 weken voor einde stage | I31: 6 weken voor einde stage
E32: 6 weken voor einde stage

Sheet Week 24
B3: Week | C3: 24 | D3: =C3/Index!R3 -> 0.6
C4: Maandag | D4: Dinsdag | E4: Woensdag | F4: Donderdag | G4: Vrijdag | H4: Zaterdag | I4: Zondag
C5: =Index!R4+(7*(C3-1)) -> 46083 | D5: =C5+1 -> 46084 | E5: =D5+1 -> 46085 | F5: =E5+1 -> 46086 | G5: =F5+1 -> 46087 | H5: =G5+1 -> 46088 | I5: =H5+1 -> 46089
B6: 0.33333333
B8: 0.375
B10: 0.41666667
B12: 0.45833333
B14: 0.5
B16: 0.54166667
B18: 0.58333333
B20: 0.625
B22: 0.66666667
B24: 0.70833333
B26: 0.75
B29: To-do | C29: =C5 -> 46083 | D29: =D5 -> 46084 | E29: =E5 -> 46085 | F29: =F5 -> 46086 | G29: =G5 -> 46087 | H29: =H5 -> 46088 | I29: =I5 -> 46089
C30: digitale stage: indienen my internship is cooler then yours 02/03 | D30: 14 weken voor deadline bachelorproef | E30: 14 weken voor deadline bachelorproef | F30: 14 weken voor deadline bachelorproef | G30: 14 weken voor deadline bachelorproef | H30: 14 weken voor deadline bachelorproef | I30: 14 weken voor deadline bachelorproef
C31: 14 weken voor deadline bachelorproef | D31: 5 weken voor einde stage | E31: 5 weken voor einde stage | F31: 5 weken voor einde stage | G31: 5 weken voor einde stage | H31: 5 weken voor einde stage | I31: 5 weken voor einde stage
C32: 5 weken voor einde stage

Sheet Week 25
B3: Week | C3: 25 | D3: =C3/Index!R3 -> 0.625
C4: Maandag | D4: Dinsdag | E4: Woensdag | F4: Donderdag | G4: Vrijdag | H4: Zaterdag | I4: Zondag
C5: =Index!R4+(7*(C3-1)) -> 46090 | D5: =C5+1 -> 46091 | E5: =D5+1 -> 46092 | F5: =E5+1 -> 46093 | G5: =F5+1 -> 46094 | H5: =G5+1 -> 46095 | I5: =H5+1 -> 46096
B6: 0.33333333
B8: 0.375
B10: 0.41666667
B12: 0.45833333
B14: 0.5
B16: 0.54166667
B18: 0.58333333
B20: 0.625
B22: 0.66666667
B24: 0.70833333
B26: 0.75
B29: To-do | C29: =C5 -> 46090 | D29: =D5 -> 46091 | E29: =E5 -> 46092 | F29: =F5 -> 46093 | G29: =G5 -> 46094 | H29: =H5 -> 46095 | I29: =I5 -> 46096
C30: 13 weken voor deadline bachelorproef | D30: 13 weken voor deadline bachelorproef | E30: 13 weken voor deadline bachelorproef | F30: 13 weken voor deadline bachelorproef | G30: EIND STAGE | H30: 13 weken voor deadline bachelorproef | I30: 13 weken voor deadline bachelorproef
C31: 4 weken voor einde stage | D31: 4 weken voor einde stage | E31: 4 weken voor einde stage | F31: 4 weken voor einde stage | G31: 13 weken voor deadline bachelorproef | H31: 4 weken voor einde stage | I31: 4 weken voor einde stage
G32: 4 weken voor einde stage

Sheet Week 26
B3: Week | C3: 26 | D3: =C3/Index!R3 -> 0.65
C4: Maandag | D4: Dinsdag | E4: Woensdag | F4: Donderdag | G4: Vrijdag | H4: Zaterdag | I4: Zondag
C5: =Index!R4+(7*(C3-1)) -> 46097 | D5: =C5+1 -> 46098 | E5: =D5+1 -> 46099 | F5: =E5+1 -> 46100 | G5: =F5+1 -> 46101 | H5: =G5+1 -> 46102 | I5: =H5+1 -> 46103
B6: 0.33333333
B8: 0.375
B10: 0.41666667
B12: 0.45833333
B14: 0.5
B16: 0.54166667
B18: 0.58333333
B20: 0.625
B22: 0.66666667
B24: 0.70833333
B26: 0.75
B29: To-do | C29: =C5 -> 46097 | D29: =D5 -> 46098 | E29: =E5 -> 46099 | F29: =F5 -> 46100 | G29: =G5 -> 46101 | H29: =H5 -> 46102 | I29: =I5 -> 46103
C30: 12 weken voor deadline bachelorproef | D30: 12 weken voor deadline bachelorproef | E30: 12 weken voor deadline bachelorproef | F30: 12 weken voor deadline bachelorproef | G30: terugkomdag 2 | H30: 12 weken voor deadline bachelorproef | I30: 12 weken voor deadline bachelorproef
C31: 3 weken voor einde stage | D31: 3 weken voor einde stage | E31: 3 weken voor einde stage | F31: 3 weken voor einde stage | G31: 12 weken voor deadline bachelorproef | H31: 3 weken voor einde stage | I31: 3 weken voor einde stage
G32: 3 weken voor einde stage

Sheet Week 27
B3: Week | C3: 27 | D3: =C3/Index!R3 -> 0.675
C4: Maandag | D4: Dinsdag | E4: Woensdag | F4: Donderdag | G4: Vrijdag | H4: Zaterdag | I4: Zondag
C5: =Index!R4+(7*(C3-1)) -> 46104 | D5: =C5+1 -> 46105 | E5: =D5+1 -> 46106 | F5: =E5+1 -> 46107 | G5: =F5+1 -> 46108 | H5: =G5+1 -> 46109 | I5: =H5+1 -> 46110
B6: 0.33333333
B8: 0.375
B10: 0.41666667
B12: 0.45833333
B14: 0.5
B16: 0.54166667
B18: 0.58333333
B20: 0.625
B22: 0.66666667
B24: 0.70833333
B26: 0.75
B29: To-do | C29: =C5 -> 46104 | D29: =D5 -> 46105 | E29: =E5 -> 46106 | F29: =F5 -> 46107 | G29: =G5 -> 46108 | H29: =H5 -> 46109 | I29: =I5 -> 46110
C30: 11 weken voor deadline bachelorproef | D30: 11 weken voor deadline bachelorproef | E30: 11 weken voor deadline bachelorproef | F30: 11 weken voor deadline bachelorproef | G30: 11 weken voor deadline bachelorproef | H30: 11 weken voor deadline bachelorproef | I30: 11 weken voor deadline bachelorproef
C31: 2 weken voor einde stage | D31: 2 weken voor einde stage | E31: 2 weken voor einde stage | F31: 2 weken voor einde stage | G31: 2 weken voor einde stage | H31: 2 weken voor einde stage | I31: 2 weken voor einde stage

Sheet Week 28
B3: Week | C3: 28 | D3: =C3/Index!R3 -> 0.7
C4: Maandag | D4: Dinsdag | E4: Woensdag | F4: Donderdag | G4: Vrijdag | H4: Zaterdag | I4: Zondag
C5: =Index!R4+(7*(C3-1)) -> 46111 | D5: =C5+1 -> 46112 | E5: =D5+1 -> 46113 | F5: =E5+1 -> 46114 | G5: =F5+1 -> 46115 | H5: =G5+1 -> 46116 | I5: =H5+1 -> 46117
B6: 0.33333333
B8: 0.375
B10: 0.41666667
B12: 0.45833333
B14: 0.5
B16: 0.54166667
B18: 0.58333333
B20: 0.625
B22: 0.66666667
B24: 0.70833333
B26: 0.75
B29: To-do | C29: =C5 -> 46111 | D29: =D5 -> 46112 | E29: =E5 -> 46113 | F29: =F5 -> 46114 | G29: =G5 -> 46115 | H29: =H5 -> 46116 | I29: =I5 -> 46117
C30: 10 weken voor deadline bachelorproef | D30: 10 weken voor deadline bachelorproef | E30: 10 weken voor deadline bachelorproef | F30: 10 weken voor deadline bachelorproef | G30: 10 weken voor deadline bachelorproef | H30: EINDE STAGE | I30: 10 weken voor deadline bachelorproef
C31: 1 week voor einde stage | D31: 1 week voor einde stage | E31: 1 week voor einde stage | F31: 1 week voor einde stage | G31: 1 week voor einde stage | H31: 10 weken voor deadline bachelorproef | I31: 1 week voor einde stage
H32: 1 week voor einde stage

Sheet Week 29
B3: Week | C3: 29 | D3: =C3/Index!R3 -> 0.725
C4: Maandag | D4: Dinsdag | E4: Woensdag | F4: Donderdag | G4: Vrijdag | H4: Zaterdag | I4: Zondag
C5: =Index!R4+(7*(C3-1)) -> 46118 | D5: =C5+1 -> 46119 | E5: =D5+1 -> 46120 | F5: =E5+1 -> 46121 | G5: =F5+1 -> 46122 | H5: =G5+1 -> 46123 | I5: =H5+1 -> 46124
B6: 0.33333333
B8: 0.375 | C8: Studio Digitaal | G8: Studio Digitaal
C9: 204 | G9: 204
B10: 0.41666667
B12: 0.45833333
B14: 0.5
B16: 0.54166667
B18: 0.58333333 | C18: Studio Digitaal | G18: Studio Digitaal
C19: 204 | G19: 204
B20: 0.625
B22: 0.66666667
B24: 0.70833333
B26: 0.75
B29: To-do | C29: =C5 -> 46118 | D29: =D5 -> 46119 | E29: =E5 -> 46120 | F29: =F5 -> 46121 | G29: =G5 -> 46122 | H29: =H5 -> 46123 | I29: =I5 -> 46124
C30: 9 weken voor deadline bachelorproef | D30: 9 weken voor deadline bachelorproef | E30: 9 weken voor deadline bachelorproef | F30: 9 weken voor deadline bachelorproef | G30: 9 weken voor deadline bachelorproef | H30: 9 weken voor deadline bachelorproef | I30: 9 weken voor deadline bachelorproef

Sheet Week 30
B3: Week | C3: 30 | D3: =C3/Index!R3 -> 0.75
C4: Maandag | D4: Dinsdag | E4: Woensdag | F4: Donderdag | G4: Vrijdag | H4: Zaterdag | I4: Zondag
C5: =Index!R4+(7*(C3-1)) -> 46125 | D5: =C5+1 -> 46126 | E5: =D5+1 -> 46127 | F5: =E5+1 -> 46128 | G5: =F5+1 -> 46129 | H5: =G5+1 -> 46130 | I5: =H5+1 -> 46131
B6: 0.33333333
B8: 0.375 | C8: Studio Digitaal | G8: Studio Digitaal
C9: 204 | G9: 204
B10: 0.41666667
B12: 0.45833333
B14: 0.5
B16: 0.54166667
B18: 0.58333333 | C18: Studio Digitaal | G18: Studio Digitaal
C19: 204 | G19: 204
B20: 0.625
B22: 0.66666667
B24: 0.70833333
B26: 0.75
B29: To-do | C29: =C5 -> 46125 | D29: =D5 -> 46126 | E29: =E5 -> 46127 | F29: =F5 -> 46128 | G29: =G5 -> 46129 | H29: =H5 -> 46130 | I29: =I5 -> 46131
C30: 8 weken voor deadline bachelorproef | D30: 8 weken voor deadline bachelorproef | E30: 8 weken voor deadline bachelorproef | F30: 8 weken voor deadline bachelorproef | G30: 8 weken voor deadline bachelorproef | H30: 8 weken voor deadline bachelorproef | I30: 8 weken voor deadline bachelorproef

Sheet Week 31
B3: Week | C3: 31 | D3: =C3/Index!R3 -> 0.775
C4: Maandag | D4: Dinsdag | E4: Woensdag | F4: Donderdag | G4: Vrijdag | H4: Zaterdag | I4: Zondag
C5: =Index!R4+(7*(C3-1)) -> 46132 | D5: =C5+1 -> 46133 | E5: =D5+1 -> 46134 | F5: =E5+1 -> 46135 | G5: =F5+1 -> 46136 | H5: =G5+1 -> 46137 | I5: =H5+1 -> 46138
B6: 0.33333333
B8: 0.375 | C8: Studio Digitaal | G8: Studio Digitaal
C9: 204 | G9: 204
B10: 0.41666667
B12: 0.45833333
B14: 0.5
B16: 0.54166667
B18: 0.58333333 | C18: Studio Digitaal | G18: Studio Digitaal
C19: 204 | G19: 204
B20: 0.625
B22: 0.66666667
B24: 0.70833333
B26: 0.75
B29: To-do | C29: =C5 -> 46132 | D29: =D5 -> 46133 | E29: =E5 -> 46134 | F29: =F5 -> 46135 | G29: =G5 -> 46136 | H29: =H5 -> 46137 | I29: =I5 -> 46138
C30: Paasmaandag (digitaal kalender is mss fout) | D30: Studiereis (briefing Toledo)
C31: 7 weken voor deadline bachelorproef | D31: 7 weken voor deadline bachelorproef | E31: 7 weken voor deadline bachelorproef | F31: 7 weken voor deadline bachelorproef | G31: 7 weken voor deadline bachelorproef | H31: 7 weken voor deadline bachelorproef | I31: 7 weken voor deadline bachelorproef

Sheet Week 32
B3: Week | C3: 32 | D3: =C3/Index!R3 -> 0.8
C4: Maandag | D4: Dinsdag | E4: Woensdag | F4: Donderdag | G4: Vrijdag | H4: Zaterdag | I4: Zondag
C5: =Index!R4+(7*(C3-1)) -> 46139 | D5: =C5+1 -> 46140 | E5: =D5+1 -> 46141 | F5: =E5+1 -> 46142 | G5: =F5+1 -> 46143 | H5: =G5+1 -> 46144 | I5: =H5+1 -> 46145
B6: 0.33333333
B8: 0.375 | C8: Studio Digitaal | G8: Studio Digitaal
C9: 204 | G9: 204
B10: 0.41666667
B12: 0.45833333
B14: 0.5
B16: 0.54166667
B18: 0.58333333 | C18: Studio Digitaal | G18: Studio Digitaal
C19: 204 | G19: 204
B20: 0.625
B22: 0.66666667
B24: 0.70833333
B26: 0.75
B29: To-do | C29: =C5 -> 46139 | D29: =D5 -> 46140 | E29: =E5 -> 46141 | F29: =F5 -> 46142 | G29: =G5 -> 46143 | H29: =H5 -> 46144 | I29: =I5 -> 46145
C30: 6 weken voor deadline bachelorproef | D30: 6 weken voor deadline bachelorproef | E30: 6 weken voor deadline bachelorproef | F30: 6 weken voor deadline bachelorproef | G30: 6 weken voor deadline bachelorproef | H30: 6 weken voor deadline bachelorproef | I30: 6 weken voor deadline bachelorproef

Sheet Week 33
B3: Week | C3: 33 | D3: =C3/Index!R3 -> 0.825
C4: Maandag | D4: Dinsdag | E4: Woensdag | F4: Donderdag | G4: Vrijdag | H4: Zaterdag | I4: Zondag
C5: =Index!R4+(7*(C3-1)) -> 46146 | D5: =C5+1 -> 46147 | E5: =D5+1 -> 46148 | F5: =E5+1 -> 46149 | G5: =F5+1 -> 46150 | H5: =G5+1 -> 46151 | I5: =H5+1 -> 46152
B6: 0.33333333
B8: 0.375 | C8: Studio Digitaal | G8: Studio Digitaal | H8: Opencampusdag
C9: 204 | G9: 204
B10: 0.41666667 | C10: Wio | G10: Kilian
B12: 0.45833333
B14: 0.5
B16: 0.54166667
B18: 0.58333333 | C18: Studio Digitaal | G18: Studio Digitaal
C19: 204 | G19: 204
B20: 0.625 | C20: Wio - Thomas | G20: Geen les + opstellen OCD + er is al les op zat!
B22: 0.66666667
B24: 0.70833333
B26: 0.75
B29: To-do | C29: =C5 -> 46146 | D29: =D5 -> 46147 | E29: =E5 -> 46148 | F29: =F5 -> 46149 | G29: =G5 -> 46150 | H29: =H5 -> 46151 | I29: =I5 -> 46152
C30: 5 weken voor deadline bachelorproef | D30: 5 weken voor deadline bachelorproef | E30: 5 weken voor deadline bachelorproef | F30: 5 weken voor deadline bachelorproef | G30: 5 weken voor deadline bachelorproef | H30: Opencampusdag - AANWEZIG! | I30: 5 weken voor deadline bachelorproef
H31: 5 weken voor deadline bachelorproef

Sheet Week 34
B3: Week | C3: 34 | D3: =C3/Index!R3 -> 0.85
C4: Maandag | D4: Dinsdag | E4: Woensdag | F4: Donderdag | G4: Vrijdag | H4: Zaterdag | I4: Zondag
C5: =Index!R4+(7*(C3-1)) -> 46153 | D5: =C5+1 -> 46154 | E5: =D5+1 -> 46155 | F5: =E5+1 -> 46156 | G5: =F5+1 -> 46157 | H5: =G5+1 -> 46158 | I5: =H5+1 -> 46159
B6: 0.33333333
B8: 0.375 | C8: Studio Digitaal | G8: Studio Digitaal
C9: 204 | G9: 204
B10: 0.41666667 | C10: Wio | G10: Kilian
B12: 0.45833333
B14: 0.5
B16: 0.54166667
B18: 0.58333333 | C18: Studio Digitaal | G18: Studio Digitaal
C19: 204 | G19: 204
B20: 0.625 | C20: Wio - Thomas | G20: Wio
G21: TBC - Bezoek aan expo New Technical Art Award
B22: 0.66666667
B24: 0.70833333
B26: 0.75
B29: To-do | C29: =C5 -> 46153 | D29: =D5 -> 46154 | E29: =E5 -> 46155 | F29: =F5 -> 46156 | G29: =G5 -> 46157 | H29: =H5 -> 46158 | I29: =I5 -> 46159
C30: digitale stage: indienen eindverslag & kritische reflectie 11/05 | D30: 4 weken voor deadline bachelorproef | E30: 4 weken voor deadline bachelorproef | F30: 4 weken voor deadline bachelorproef | G30: 4 weken voor deadline bachelorproef | H30: 4 weken voor deadline bachelorproef | I30: 4 weken voor deadline bachelorproef
C31: indienen "eindverslag & kritische reflectie" 11-05
C32: 4 weken voor deadline bachelorproef

Sheet Week 35
B3: Week | C3: 35 | D3: =C3/Index!R3 -> 0.875
C4: Maandag | D4: Dinsdag | E4: Woensdag | F4: Donderdag | G4: Vrijdag | H4: Zaterdag | I4: Zondag
C5: =Index!R4+(7*(C3-1)) -> 46160 | D5: =C5+1 -> 46161 | E5: =D5+1 -> 46162 | F5: =E5+1 -> 46163 | G5: =F5+1 -> 46164 | H5: =G5+1 -> 46165 | I5: =H5+1 -> 46166
B6: 0.33333333
B8: 0.375 | C8: Studio Digitaal | G8: Studio Digitaal
C9: 204 | G9: 204
B10: 0.41666667 | C10: Wio | G10: Kilian
B12: 0.45833333
B14: 0.5
B16: 0.54166667
B18: 0.58333333 | C18: Studio Digitaal | G18: Studio Digitaal
C19: 204 | G19: 204
B20: 0.625 | C20: Wio - Thomas | G20: Wio
B22: 0.66666667
B24: 0.70833333
B26: 0.75
B29: To-do | C29: =C5 -> 46160 | D29: =D5 -> 46161 | E29: =E5 -> 46162 | F29: =F5 -> 46163 | G29: =G5 -> 46164 | H29: =H5 -> 46165 | I29: =I5 -> 46166
D30: digitale stage: indienen evaluatieformulier 29/05 | I30: Deadline indienen internationale opdracht - 23U
C31: 3 weken voor deadline bachelorproef | D31: 3 weken voor deadline bachelorproef | E31: 3 weken voor deadline bachelorproef | F31: 3 weken voor deadline bachelorproef | G31: 3 weken voor deadline bachelorproef | H31: 3 weken voor deadline bachelorproef | I31: 3 weken voor deadline bachelorproef

Sheet Week 36
B3: Week | C3: 36 | D3: =C3/Index!R3 -> 0.9
C4: Maandag | D4: Dinsdag | E4: Woensdag | F4: Donderdag | G4: Vrijdag | H4: Zaterdag | I4: Zondag
C5: =Index!R4+(7*(C3-1)) -> 46167 | D5: =C5+1 -> 46168 | E5: =D5+1 -> 46169 | F5: =E5+1 -> 46170 | G5: =F5+1 -> 46171 | H5: =G5+1 -> 46172 | I5: =H5+1 -> 46173
B6: 0.33333333
B8: 0.375 | C8: Studio Digitaal | G8: Studio Digitaal
C9: 204 | G9: 204
B10: 0.41666667 | C10: Wio
B12: 0.45833333
B14: 0.5
B16: 0.54166667
B18: 0.58333333 | C18: Studio Digitaal | G18: Studio Digitaal
C19: 204 | G19: 204
B20: 0.625 | C20: Wio - Thomas
B22: 0.66666667
B24: 0.70833333
B26: 0.75
B29: To-do | C29: =C5 -> 46167 | D29: =D5 -> 46168 | E29: =E5 -> 46169 | F29: =F5 -> 46170 | G29: =G5 -> 46171 | H29: =H5 -> 46172 | I29: =I5 -> 46173
C30: DEADLINE BARCELONA OPDRACHT | G30: Hemelvaart? (als het hemelvaart is, geen les)
G31: indienen evaluatieformulier van stagementor
C32: 2 weken voor deadline bachelorproef | D32: 2 weken voor deadline bachelorproef | E32: 2 weken voor deadline bachelorproef | F32: 2 weken voor deadline bachelorproef | G32: 2 weken voor deadline bachelorproef | H32: 2 weken voor deadline bachelorproef | I32: 2 weken voor deadline bachelorproef

Sheet Week 37
B3: Week | C3: 37 | D3: =C3/Index!R3 -> 0.925
C4: Maandag | D4: Dinsdag | E4: Woensdag | F4: Donderdag | G4: Vrijdag | H4: Zaterdag | I4: Zondag
C5: =Index!R4+(7*(C3-1)) -> 46174 | D5: =C5+1 -> 46175 | E5: =D5+1 -> 46176 | F5: =E5+1 -> 46177 | G5: =F5+1 -> 46178 | H5: =G5+1 -> 46179 | I5: =H5+1 -> 46180
B6: 0.33333333
B8: 0.375 | C8: Studio Digitaal | G8: Studio Digitaal
C9: 204 | G9: 204
B10: 0.41666667 | C10: Wio | G10: Kilian
B12: 0.45833333
B14: 0.5
B16: 0.54166667
B18: 0.58333333 | C18: Studio Digitaal | G18: Studio Digitaal
C19: 204 | G19: 204
B20: 0.625 | C20: Wio - Thomas | G20: Wio
B22: 0.66666667
B24: 0.70833333
B26: 0.75
B29: To-do | C29: =C5 -> 46174 | D29: =D5 -> 46175 | E29: =E5 -> 46176 | F29: =F5 -> 46177 | G29: =G5 -> 46178 | H29: =H5 -> 46179 | I29: =I5 -> 46180
C30: 1 week voor deadline bachelorproef | D30: 1 week voor deadline bachelorproef | E30: 1 week voor deadline bachelorproef | F30: 1 week voor deadline bachelorproef | G30: 1 week voor deadline bachelorproef | H30: 1 week voor deadline bachelorproef | I30: 1 week voor deadline bachelorproef

Sheet Week 38
B3: Week | C3: 38 | D3: =C3/Index!R3 -> 0.95
C4: Maandag | D4: Dinsdag | E4: Woensdag | F4: Donderdag | G4: Vrijdag | H4: Zaterdag | I4: Zondag
C5: =Index!R4+(7*(C3-1)) -> 46181 | D5: =C5+1 -> 46182 | E5: =D5+1 -> 46183 | F5: =E5+1 -> 46184 | G5: =F5+1 -> 46185 | H5: =G5+1 -> 46186 | I5: =H5+1 -> 46187
B6: 0.33333333
B8: 0.375 | C8: Studio Digitaal | G8: Studio Digitaal
C9: 204 | G9: 204
B10: 0.41666667
B12: 0.45833333
B14: 0.5
B16: 0.54166667
B18: 0.58333333 | C18: Studio Digitaal | G18: Studio Digitaal
C19: 204 | G19: 204
B20: 0.625
B22: 0.66666667
B24: 0.70833333
B26: 0.75
B29: To-do | C29: =C5 -> 46181 | D29: =D5 -> 46182 | E29: =E5 -> 46183 | F29: =F5 -> 46184 | G29: =G5 -> 46185 | H29: =H5 -> 46186 | I29: =I5 -> 46187
C30: Als het pinksteren is, geen les | G30: Proefjury | I30: Deadline indienen bachelorproef op Toledo - 23U
C31: week van bachelorproef | D31: week van bachelorproef | E31: week van bachelorproef | F31: week van bachelorproef | G31: week van bachelorproef | H31: week van bachelorproef | I31: week van bachelorproef

Sheet Week 39
B3: Week | C3: 39 | D3: =C3/Index!R3 -> 0.975
C4: Maandag | D4: Dinsdag | E4: Woensdag | F4: Donderdag | G4: Vrijdag | H4: Zaterdag | I4: Zondag
C5: =Index!R4+(7*(C3-1)) -> 46188 | D5: =C5+1 -> 46189 | E5: =D5+1 -> 46190 | F5: =E5+1 -> 46191 | G5: =F5+1 -> 46192 | H5: =G5+1 -> 46193 | I5: =H5+1 -> 46194
B6: 0.33333333
B8: 0.375 | C8: Studio Digitaal | G8: Studio Digitaal
C9: 204 | G9: 204
B10: 0.41666667
B12: 0.45833333
B14: 0.5
B16: 0.54166667
B18: 0.58333333 | C18: Studio Digitaal | G18: Studio Digitaal
C19: 204 | G19: 204
B20: 0.625
B22: 0.66666667
B24: 0.70833333
B26: 0.75
B29: To-do | C29: =C5 -> 46188 | D29: =D5 -> 46189 | E29: =E5 -> 46190 | F29: =F5 -> 46191 | G29: =G5 -> 46192 | H29: =H5 -> 46193 | I29: =I5 -> 46194
C30: JURY | D30: JURY

Sheet Week 40
B3: Week | C3: 40 | D3: =C3/Index!R3 -> 1
C4: Maandag | D4: Dinsdag | E4: Woensdag | F4: Donderdag | G4: Vrijdag | H4: Zaterdag | I4: Zondag
C5: =Index!R4+(7*(C3-1)) -> 46195 | D5: =C5+1 -> 46196 | E5: =D5+1 -> 46197 | F5: =E5+1 -> 46198 | G5: =F5+1 -> 46199 | H5: =G5+1 -> 46200 | I5: =H5+1 -> 46201
B6: 0.33333333
B8: 0.375 | C8: Studio Digitaal | G8: Studio Digitaal
C9: 204 | G9: 204
B10: 0.41666667
B12: 0.45833333
B14: 0.5
B16: 0.54166667
B18: 0.58333333 | C18: Studio Digitaal | G18: Studio Digitaal
C19: 204 | G19: 204
B20: 0.625
B22: 0.66666667
B24: 0.70833333
B26: 0.75
B29: To-do | C29: =C5 -> 46195 | D29: =D5 -> 46196 | E29: =E5 -> 46197 | F29: =F5 -> 46198 | G29: =G5 -> 46199 | H29: =H5 -> 46200 | I29: =I5 -> 46201
C30: Opbouw graduation show | D30: Opbouw graduation show | E30: Opbouw graduation show | F30: Opbouw graduation show | G30: Opbouw graduation show | H30: Graduation show | I30: Graduation show
