Workbook

Sheet Investeringsbegroting
A1: Investeringsbegroting
A3: Investeringen | B3: 1 | C3: 2 | D3: 3 | E3: 4 | F3: 5 | G3: 6 | H3: 7 | I3: 8 | J3: 9 | K3: 10 | L3: 11 | M3: 12 | N3: Jaar 1
A4: Computer | N4: =SUM(B4:M4) -> 0
A5: Adobe Suite | N5: =SUM(B5:M5) -> 0
A6: Computerbenodigheden | E6: 100 | I6: 150 | N6: =SUM(B6:M6) -> 250
A7: Internet abonnement | N7: =SUM(B7:M7) -> 0
A8: Verzekeringen | B8: 600 | H8: 600 | N8: =SUM(B8:M8) -> 1200
A9: Marketing | B9: 200 | C9: 100 | D9: 500 | E9: 600 | F9: 0 | G9: 100 | H9: 300 | I9: 200 | J9: 50 | K9: 50 | L9: 200 | M9: 100 | N9: =SUM(B9:M9) -> 2400
A10: Afschrijvingen | B10: 75 | C10: 75 | D10: 75 | E10: 75 | F10: 75 | G10: 75 | H10: 75 | I10: 75 | J10: 100 | K10: 100 | L10: 100 | M10: 100 | N10: =SUM(B10:M10) -> 1000
A11: Totaal | N11: =SUM(N4:N10) -> 4850
A13: Afschrijvingstabel | B13: Aankoopprijs | C13: Afschrijvingstermijn | D13: Jaarlijkse afschrijving | E13: Waarde jaar 1
A14: Computer | B14: 2500 | C14: 5 | D14: =B14 / C14 -> 500 | E14: 1000
A15: Adobe Suite | B15: 660 | C15: 12 | D15: =B15 / C15 -> 55 | E15: 0
A16: Computerbenodigheden | B16: 500 | C16: 5 | D16: =B16 / C16 -> 100 | E16: 250
A17: Internet abonnement | B17: 1200 | C17: 12 | D17: =B17 / C17 -> 100 | E17: 0
A18: Verzekeringen | B18: 1200 | C18: 12 | D18: =B18 / C18 -> 100 | E18: 1200
A19: Marketing | B19: 2400 | C19: 12 | D19: =B19 / C19 -> 200 | E19: 2400
A20: Afschrijvingen | B20: 1000 | C20: 10 | D20: =B20 / C20 -> 100 | E20: 1000
A21: Totaal | B21: =SUM(B14:B20) -> 9460 | D21: =SUM(D14:D20) -> 1155 | E21: =SUM(E14:E20) -> 5850

Sheet Financieringsplan
A1: Financieringsplan
A3: Eigen vermogen
A4: In natura
A5: Computer | B5: 2500
A6: Adobe Suite | B6: 660
A7: Computerbenodigheden | B7: 500
A8: Internet abonnement | B8: 1200
A9: Verzekeringen | B9: 1200
A10: Marketing | B10: 2400
A11: Afschrijvingen | B11: 1000
A13: In speciem | B13: 8000
A15: Totaal
A17: Vreemd vermogen
A19: Totaal | B19: 0

Sheet Exploitatiebegroting
A1: Explotatiebegroting
A3: Opbrengsten | B3: 1 | C3: 2 | D3: 3 | E3: 4 | F3: 5 | G3: 6 | H3: 7 | I3: 8 | J3: 9 | K3: 10 | L3: 11 | M3: 12 | N3: Jaar 1
A4: Huisstijl | B4: 1000 | D4: 1400 | F4: 1320 | I4: 1500 | L4: 1200 | M4: 1050 | N4: =SUM(B4:M4) -> 7470
A5: Website ontwerp | B5: 1500 | C5: 1250 | D5: 1300 | E5: 1400 | F5: 1500 | G5: 1600 | H5: 1200 | I5: 1200 | J5: 1100 | K5: 1050 | L5: 1100 | M5: 1050 | N5: =SUM(B5:M5) -> 15250
A6: Website uitwerking | B6: 1200 | C6: 1300 | D6: 1400 | E6: 1500 | F6: 1600 | G6: 1700 | H6: 1600 | I6: 1400 | J6: 1400 | K6: 1300 | L6: 1200 | M6: 1100 | N6: =SUM(B6:M6) -> 16700
A7: Hosting | B7: 200 | C7: 200 | D7: 200 | E7: 200 | F7: 300 | G7: 300 | H7: 300 | I7: 300 | J7: 400 | K7: 400 | L7: 400 | M7: 400 | N7: =SUM(B7:M7) -> 3600
A8: Totaal | B8: =SUM(B4:B7) -> 3900 | C8: =SUM(C4:C7) -> 2750 | D8: =SUM(D4:D7) -> 4300 | E8: =SUM(E4:E7) -> 3100 | F8: =SUM(F4:F7) -> 4720 | G8: =SUM(G4:G7) -> 3600 | H8: =SUM(H4:H7) -> 3100 | I8: =SUM(I4:I7) -> 4400 | ... N8: =SUM(N4:N7) -> 43020
A10: Kosten | B10: 1 | C10: 2 | D10: 3 | E10: 4 | F10: 5 | G10: 6 | H10: 7 | I10: 8 | J10: 9 | K10: 10 | L10: 11 | M10: 12 | N10: Jaar 1
A11: Directe kosten | B11: 500 | C11: 600 | D11: 110 | E11: 100 | F11: 200 | G11: 100 | H11: 100 | I11: 250 | J11: 300 | K11: 250 | L11: 100 | M11: 50 | N11: =SUM(B11:M11) -> 2660
A12: Indirecte kosten | B12: 1000 | C12: 1000 | D12: 1000 | E12: 1000 | F12: 1000 | G12: 1000 | H12: 1000 | I12: 1000 | J12: 1000 | K12: 1000 | L12: 1000 | M12: 1000 | N12: =SUM(B12:M12) -> 12000
A13: Lonen | B13: 2000 | C13: 2000 | D13: 8000 | E13: 2000 | F13: 2000 | G13: 6000 | H13: 2000 | I13: 2000 | J13: 4000 | K13: 2000 | L13: 2000 | M13: 2000 | N13: =SUM(B13:M13) -> 36000
A14: Afschrijvingen | G14: 1000 | N14: =SUM(B14:M14) -> 1000
A15: Totaal | B15: =SUM(B11:B14) -> 3500 | C15: =SUM(C11:C14) -> 3600 | D15: =SUM(D11:D14) -> 9110 | E15: =SUM(E11:E14) -> 3100 | F15: =SUM(F11:F14) -> 3200 | G15: =SUM(G11:G14) -> 8100 | H15: =SUM(H11:H14) -> 3100 | I15: =SUM(I11:I14) -> 3250 | ... N15: =SUM(N11:N14) -> 51660
A17: Totaal
A18: Winst/verlies | B18: =B8 - B15 -> 400 | C18: =C8 - C15 -> -850 | D18: =D8 - D15 -> -4810 | E18: =E8 - E15 -> 0 | F18: =F8 - F15 -> 1520 | G18: =G8 - G15 -> -4500 | H18: =H8 - H15 -> 0 | I18: =I8 - I15 -> 1150 | ... N18: =N8 - N15 -> -8640
A19: Cumulatief | C19: =B18+C18 -> -450 | D19: =C19+D18 -> -5260 | E19: =D19+E18 -> -5260 | F19: =E19+F18 -> -3740 | G19: =F19+G18 -> -8240 | H19: =G19+H18 -> -8240 | I19: =H19+I18 -> -7090 | J19: =I19+J18 -> -9490 | K19: =J19+K18 -> -9990 | ... N19: =M19+N18 -> -17280

Sheet Liquiditeitsbegroting
A1: Liquiditeitsbegroting
A3: Inkomsten | B3: 1 | C3: 2 | D3: 3 | E3: 4 | F3: 5 | G3: 6 | H3: 7 | I3: 8 | J3: 9 | K3: 10 | L3: 11 | M3: 12 | N3: Jaar 1
A4: Kapitaal | B4: 9000 | N4: =SUM(B4:M4) -> 9000
A5: Lening | B5: 200 | C5: 200 | D5: 200 | E5: 200 | F5: 200 | G5: 200 | H5: 200 | I5: 200 | J5: 200 | K5: 200 | L5: 200 | M5: 200 | N5: =SUM(B5:M5) -> 2400
A6: Exploitatie | B6: 1000 | C6: 1000 | D6: 1000 | E6: 1000 | F6: 1000 | G6: 5000 | H6: 5000 | I6: 5000 | J6: 5000 | K6: 1000 | L6: 1000 | M6: 1000 | N6: =SUM(B6:M6) -> 28000
A7: Totaal | B7: =SUM(B4:B6) -> 10200 | C7: =SUM(C4:C6) -> 1200 | D7: =SUM(D4:D6) -> 1200 | E7: =SUM(E4:E6) -> 1200 | F7: =SUM(F4:F6) -> 1200 | G7: =SUM(G4:G6) -> 5200 | H7: =SUM(H4:H6) -> 5200 | I7: =SUM(I4:I6) -> 5200 | ... N7: =SUM(N4:N6) -> 39400
A9: Uitgaven | N9: Jaar 1
A10: Investeringen | B10: 9000 | N10: =SUM(B10:M10) -> 9000
A11: Kosten | B11: =Exploitatiebegroting!B15 -> 3500 | C11: =Exploitatiebegroting!C15 -> 3600 | D11: =Exploitatiebegroting!D15 -> 9110 | E11: =Exploitatiebegroting!E15 -> 3100 | F11: =Exploitatiebegroting!F15 -> 3200 | G11: =Exploitatiebegroting!G15 -> 8100 | H11: =Exploitatiebegroting!H15 -> 3100 | I11: =Exploitatiebegroting!I15 -> 3250 | ... M11: =Exploitatiebegroting!M15 -> 3050 | N11: =SUM(B11:M11) -> 51660
A12: Belastingen | N12: =SUM(B12:M12) -> 0
A13: Totaal | B13: =SUM(B10:B12) -> 12500 | C13: =SUM(C10:C12) -> 3600 | D13: =SUM(D10:D12) -> 9110 | E13: =SUM(E10:E12) -> 3100 | F13: =SUM(F10:F12) -> 3200 | G13: =SUM(G10:G12) -> 8100 | H13: =SUM(H10:H12) -> 3100 | I13: =SUM(I10:I12) -> 3250 | ... N13: =SUM(N10:N12) -> 60660
A15: Saldo
B16: =B7-B13 -> -2300 | C16: =C7-C13 -> -2400 | D16: =D7-D13 -> -7910 | E16: =E7-E13 -> -1900 | F16: =F7-F13 -> -2000 | G16: =G7-G13 -> -2900 | H16: =H7-H13 -> 2100 | I16: =I7-I13 -> 1950 | ... N16: =N7-N13 -> -21260
